{"cameraMode":{"drawMode":0,"name":"Shaded","section":"Shading Mode"},"sceneLighting":true,"audioPlay":false,"sceneViewState":{"m_AlwaysRefresh":false,"showFog":true,"showSkybox":true,"showFlares":true,"showImageEffects":true,"showParticleSystems":true,"showVisualEffectGraphs":true,"m_FxEnabled":true},"in2DMode":false,"pivot":{"x":25.934894561767579,"y":-243.61721801757813,"z":3.92755126953125},"rotation":{"x":-0.6915603876113892,"y":0.013430674560368061,"z":-0.012862177565693856,"w":-0.7220837473869324},"size":160.8565216064453,"orthographic":false}